Instance,Algorithm,Run,FinalFitness,OptimalFitness,GapToOptimal(%),GapToOptimal_Alt(%),%OptimumAchieved,TimeMs,Evaluations,Steps
bur26a,RS,1,5562507,5426670,2.503137283085207,2.4420104100543156,97.55798958994568,37.182,64432,14
bur26a,RS,2,5554655,5426670,2.3584444972699647,2.304103495176568,97.69589650482344,67.172,127256,9
bur26a,RS,3,5565263,5426670,2.5539234926759873,2.490322559778397,97.5096774402216,19.8269,38411,17
bur26a,RS,4,5576006,5426670,2.7518902015416455,2.678189370671409,97.32181062932858,24.304,47517,9
bur26a,RS,5,5525027,5426670,1.8124743166619675,1.7802084949087127,98.2197915050913,62.6129,120810,12
bur26a,RS,6,5543482,5426670,2.1525539603476904,2.1071954414211143,97.89280455857889,33.7276,69739,11
bur26a,RS,7,5567774,5426670,2.600194963025207,2.5342982671351244,97.46570173286487,41.9944,92998,18
bur26a,RS,8,5559771,5426670,2.452719623636595,2.3940014795573417,97.60599852044265,28.0326,61551,8
bur26a,RS,9,5555248,5426670,2.369372008985253,2.314532132498855,97.68546786750115,62.3685,153933,13
bur26a,RS,10,5543419,5426670,2.1513930273998603,2.1060829065960918,97.8939170934039,67.4966,162936,6
bur26a,RS,11,5556346,5426670,2.3896054117902876,2.3338359418221972,97.66616405817781,66.2597,163096,12
bur26a,RS,12,5562179,5426670,2.4970930607536483,2.4362574451487444,97.56374255485125,32.4098,79895,13
bur26a,RS,13,5561086,5426670,2.476951795484155,2.4170818433665655,97.58291815663344,17.2697,42544,8
bur26a,RS,14,5577443,5426670,2.7783705292564314,2.7032638433059737,97.29673615669402,4.4812,8861,7
bur26a,RS,15,5557895,5426670,2.418149620301216,2.3610557594197084,97.6389442405803,42.5172,104001,12
bur26a,RS,16,5544748,5426670,2.1758831843469384,2.1295467350364703,97.87045326496353,65.724,160548,16
bur26a,RS,17,5569548,5426670,2.6328853606355276,2.5653428249473746,97.43465717505264,20.1403,49325,7
bur26a,RS,18,5551784,5426670,2.3055391243617174,2.2535819116882068,97.7464180883118,33.9154,80943,8
bur26a,RS,19,5560056,5426670,2.4579714631624916,2.399004614342014,97.60099538565798,16.9987,38908,10
bur26a,RS,20,5564165,5426670,2.5336900898709525,2.471080566446178,97.52891943355382,69.4123,169161,5
bur26a,RW,1,5434420,5426670,0.14281318009018423,0.14260951490683457,99.85739048509316,65.9725,170158,59
bur26a,RW,2,5449015,5426670,0.41176264633744086,0.41007411431240326,99.58992588568759,10.8468,30774,55
bur26a,RW,3,5451312,5426670,0.4540906301654606,0.4520379681074941,99.5479620318925,58.4966,181993,61
bur26a,RW,4,5446369,5426670,0.3630034625285857,0.3616905134411568,99.63830948655884,15.702,50536,82
bur26a,RW,5,5448827,5426670,0.4082982750010596,0.4066379791467044,99.59336202085329,68.0029,200318,55
bur26a,RW,6,5440063,5426670,0.24679960270294674,0.24619200182056716,99.75380799817944,45.9493,148083,71
bur26a,RW,7,5452428,5426670,0.47465572809844714,0.472413390878339,99.52758660912167,28.1741,86205,55
bur26a,RW,8,5449013,5426670,0.411725791323224,0.4100375609307594,99.58996243906924,60.8469,192340,60
bur26a,RW,9,5453811,5426670,0.5001409704293793,0.49765200884299077,99.50234799115701,23.0681,74407,52
bur26a,RW,10,5444778,5426670,0.33368529871910396,0.33257554302489467,99.66742445697511,36.8782,113377,64
bur26a,RW,11,5448674,5426670,0.40547886641347275,0.4038413749840787,99.59615862501592,26.4419,83418,54
bur26a,RW,12,5445969,5426670,0.3556324596852213,0.35437219712414814,99.64562780287585,42.924,137408,50
bur26a,RW,13,5444830,5426670,0.33464352908874134,0.3335274012228113,99.66647259877719,49.5343,154719,52
bur26a,RW,14,5435791,5426670,0.16807729233581553,0.1677952665950549,99.83220473340495,66.863,211938,61
bur26a,RW,15,5436566,5426670,0.18235861034483394,0.1820266690407143,99.81797333095929,65.0562,205878,64
bur26a,RW,16,5453728,5426670,0.49861148733938127,0.4961376878348168,99.50386231216518,47.9918,154164,47
bur26a,RW,17,5439552,5426670,0.2373831465705488,0.23682097349193462,99.76317902650807,7.2409,23004,58
bur26a,RW,18,5446779,5426670,0.37055874044303416,0.36919067213852447,99.63080932786148,43.3398,137741,55
bur26a,RW,19,5437395,5426670,0.19763501373770653,0.19724518818294423,99.80275481181705,34.7305,106936,39
bur26a,RW,20,5450047,5426670,0.4307798336733208,0.42893208076921174,99.5710679192308,61.0125,193948,52
bur26a,H,1,5820805,5426670,7.262925514173517,6.771142479433687,93.22885752056631,1.0322,38027,0
bur26a,H,2,6146208,5426670,13.25929160977174,11.70702325726692,88.29297674273307,0.6914,38027,0
bur26a,H,3,6390792,5426670,17.766365008375303,15.086111392766345,84.91388860723366,0.6776,38027,0
bur26a,H,4,5916934,5426670,9.034343344997946,8.285777735563721,91.71422226443627,0.5645,38027,0
bur26a,H,5,6136053,5426670,13.072160275085826,11.56090079404464,88.43909920595536,0.3578,38027,0
bur26a,H,6,6153030,5426670,13.385004063265319,11.804915626935022,88.19508437306499,0.2503,38027,0
bur26a,H,7,6146208,5426670,13.25929160977174,11.70702325726692,88.29297674273307,0.283,38027,0
bur26a,H,8,5970031,5426670,10.012788689933236,9.101477027506222,90.89852297249378,0.3167,38027,0
bur26a,H,9,6146208,5426670,13.25929160977174,11.70702325726692,88.29297674273307,0.1718,38027,0
bur26a,H,10,6341038,5426670,16.849522819703427,14.419847349913372,85.58015265008663,0.1688,38027,0
bur26a,H,11,6390792,5426670,17.766365008375303,15.086111392766345,84.91388860723366,0.1612,38027,0
bur26a,H,12,6282437,5426670,15.769652475643442,13.621577104553536,86.37842289544646,0.1625,38027,0
bur26a,H,13,5930696,5426670,9.287942697823896,8.498597803697914,91.50140219630208,0.1681,38027,0
bur26a,H,14,6146208,5426670,13.25929160977174,11.70702325726692,88.29297674273307,0.1577,38027,0
bur26a,H,15,6202918,5426670,14.30431553788972,12.514239266100244,87.48576073389975,0.168,38027,0
bur26a,H,16,6282437,5426670,15.769652475643442,13.621577104553536,86.37842289544646,0.1657,38027,0
bur26a,H,17,6390792,5426670,17.766365008375303,15.086111392766345,84.91388860723366,0.1587,38027,0
bur26a,H,18,5970031,5426670,10.012788689933236,9.101477027506222,90.89852297249378,0.1622,38027,0
bur26a,H,19,6202918,5426670,14.30431553788972,12.514239266100244,87.48576073389975,0.161,38027,0
bur26a,H,20,5930696,5426670,9.287942697823896,8.498597803697914,91.50140219630208,0.177,38027,0
bur26a,G-2swap,1,5731356,5426670,5.614603430833273,5.316124142349559,94.68387585765045,0.0739,43,10
bur26a,G-2swap,2,5763895,5426670,6.214216084633855,5.850644399316781,94.14935560068322,0.0694,43,10
bur26a,G-2swap,3,5707149,5426670,5.168528766259971,4.914520367349792,95.0854796326502,0.062,44,10
bur26a,G-2swap,4,5733648,5426670,5.656839277125751,5.353973595867761,94.64602640413223,0.0664,46,10
bur26a,G-2swap,5,5731620,5426670,5.619468292709894,5.320485307818732,94.67951469218127,0.087,42,10
bur26a,G-2swap,6,5821509,5426670,7.275898479177838,6.7824167239112745,93.21758327608872,0.0546,40,10
bur26a,G-2swap,7,5752004,5426670,5.995094597607741,5.65601136577791,94.34398863422209,0.0491,35,10
bur26a,G-2swap,8,5720306,5426670,5.410979477285333,5.133221894073499,94.8667781059265,0.0753,60,10
bur26a,G-2swap,9,5627895,5426670,3.7080751178899765,3.575493146194092,96.42450685380591,0.1003,53,10
bur26a,G-2swap,10,5636494,5426670,3.8665332515152016,3.7225977708838154,96.27740222911618,0.0581,41,10
bur26a,G-2swap,11,5704451,5426670,5.118811352081479,4.869548357940142,95.13045164205985,0.0541,48,10
bur26a,G-2swap,12,5726124,5426670,5.518190713642068,5.229610815273997,94.770389184726,0.0663,42,10
bur26a,G-2swap,13,5763622,5426670,6.209185375193258,5.846184916359886,94.15381508364011,0.0506,44,10
bur26a,G-2swap,14,5636537,5426670,3.867325634320863,3.723332251699936,96.27666774830006,0.0472,43,10
bur26a,G-2swap,15,5735162,5426670,5.684738522887885,5.378958780937661,94.62104121906233,0.05,47,10
bur26a,G-2swap,16,5716695,5426670,5.344437749116861,5.073298470532362,94.92670152946764,0.069,52,10
bur26a,G-2swap,17,5694340,5426670,4.932490827708337,4.700632557943502,95.2993674420565,0.0694,38,10
bur26a,G-2swap,18,5788369,5426670,6.665210893605102,6.248720494495082,93.75127950550491,0.0499,49,10
bur26a,G-2swap,19,5786824,5426670,6.636740395122607,6.2236902314637526,93.77630976853625,0.0478,47,10
bur26a,G-2swap,20,5805449,5426670,6.97995271501676,6.524542718401281,93.47545728159872,0.049,45,10
bur26a,S-2swap,1,5434093,5426670,0.13678738526573386,0.13660053296842728,99.86339946703157,40.2592,72171,212
bur26a,S-2swap,2,5432133,5426670,0.10066947133324855,0.10056822982795156,99.89943177017206,34.6655,70546,207
bur26a,S-2swap,3,5433254,5426670,0.12132670680177714,0.12117968348249503,99.8788203165175,33.0615,70221,206
bur26a,S-2swap,4,5434555,5426670,0.1453008935498197,0.14509007637239849,99.8549099236276,37.7047,76071,224
bur26a,S-2swap,5,5435211,5426670,0.1573893382129372,0.15714201343793277,99.84285798656207,35.1485,71521,210
bur26a,S-2swap,6,5435193,5426670,0.15705764308498582,0.15681135886066971,99.84318864113934,35.5191,73146,215
bur26a,S-2swap,7,5436094,5426670,0.173660826989664,0.1733597689811839,99.82664023101881,31.1778,68596,201
bur26a,S-2swap,8,5436949,5426670,0.18941634556735532,0.18905823836125737,99.81094176163874,34.2451,74121,218
bur26a,S-2swap,9,5433689,5426670,0.12934267239393588,0.12917559322957203,99.87082440677042,29.6978,66646,195
bur26a,S-2swap,10,5428397,5426670,0.03182430477622557,0.03181418013457748,99.96818581986543,32.0223,68596,201
bur26a,S-2swap,11,5438983,5426670,0.226897895025863,0.22638423396432752,99.77361576603568,32.1358,66971,196
bur26a,S-2swap,12,5433004,5426670,0.11671983002467443,0.11658375366555962,99.88341624633445,35.921,72496,213
bur26a,S-2swap,13,5426670,5426670,0.0,0.0,100.0,36.2987,74121,218
bur26a,S-2swap,14,5435311,5426670,0.1592320889237783,0.15897894343120383,99.8410210565688,36.6084,71521,210
bur26a,S-2swap,15,5437896,5426670,0.20686719479902038,0.2064401378768553,99.79355986212315,37.4434,74446,219
bur26a,S-2swap,16,5432675,5426670,0.11065718018600725,0.11053486542081019,99.8894651345792,38.9699,69896,205
bur26a,S-2swap,17,5434385,5426670,0.14216821734138985,0.14196638626081884,99.85803361373918,32.95,61446,179
bur26a,S-2swap,18,5435453,5426670,0.16184879493317267,0.16158726788733155,99.83841273211267,35.9109,65671,192
bur26a,S-2swap,19,5433552,5426670,0.12681810392008358,0.1266574793063543,99.87334252069364,38.6857,72171,212
bur26a,S-2swap,20,5432737,5426670,0.11179968562672873,0.11167483351393598,99.88832516648607,35.1537,64696,189
bur26b,RS,1,3949609,3817852,3.451076678718819,3.3359504700338696,96.66404952996614,2.814,7051,3
bur26b,RS,2,3950117,3817852,3.4643825900008696,3.3483818327406505,96.65161816725934,8.222,18989,7
bur26b,RS,3,3939811,3817852,3.1944402245032024,3.0955545837097262,96.90444541629027,12.6355,29891,10
bur26b,RS,4,3896273,3817852,2.0540607650584675,2.012718307983039,97.98728169201696,15.5561,38509,10
bur26b,RS,5,3963770,3817852,3.8219920520753554,3.681293314193306,96.3187066858067,0.6379,829,6
bur26b,RS,6,3926737,3817852,2.851996358161605,2.7729129809304776,97.22708701906953,16.2771,38044,12
bur26b,RS,7,3895945,3817852,2.045469546750372,2.0044687489171436,97.99553125108285,25.9132,63891,9
bur26b,RS,8,3915172,3817852,2.549077334584997,2.4857145484285237,97.51428545157148,25.7524,60504,10
bur26b,RS,9,3920665,3817852,2.6929540485068566,2.622335751715589,97.37766424828442,25.9494,62229,9
bur26b,RS,10,3910046,3817852,2.4148133557822566,2.3578750735924845,97.64212492640752,24.7027,61547,20
bur26b,RS,11,3915228,3817852,2.550544127954672,2.4871093075550132,97.51289069244498,18.543,44431,17
bur26b,RS,12,3937714,3817852,3.1395140513566266,3.043948849510147,96.95605115048986,5.7921,12653,10
bur26b,RS,13,3918452,3817852,2.6349895176659546,2.567340368084131,97.43265963191587,27.4585,64251,8
bur26b,RS,14,3928807,3817852,2.906215327362087,2.8241397452203687,97.17586025477964,16.1269,38607,11
bur26b,RS,15,3919980,3817852,2.6750120224670835,2.605319414894974,97.39468058510504,22.9529,53105,11
bur26b,RS,16,3948503,3817852,3.42210750966774,3.308874274630157,96.69112572536984,0.874,1560,5
bur26b,RS,17,3908167,3817852,2.365597199681915,2.3109299065265123,97.68907009347349,19.8536,49391,12
bur26b,RS,18,3928490,3817852,2.8979122291801778,2.816298374184483,97.18370162581552,31.2926,77200,12
bur26b,RS,19,3935548,3817852,3.0827805792367013,2.9905873337080378,97.00941266629196,19.5073,48282,10
bur26b,RS,20,3925837,3817852,2.82842289329183,2.7506236249747507,97.24937637502525,8.0514,18910,10
bur26b,RW,1,3839469,3817852,0.5662084334332499,0.5630205635206327,99.43697943647936,18.7326,59908,37
bur26b,RW,2,3831983,3817852,0.37012959119421074,0.3687646839769383,99.63123531602307,18.1173,57288,62
bur26b,RW,3,3837310,3817852,0.5096583104845342,0.5070739658771379,99.49292603412286,22.2869,68340,64
bur26b,RW,4,3842780,3817852,0.6529325914152775,0.6486970370408923,99.35130296295911,25.8149,82761,43
bur26b,RW,5,3843948,3817852,0.6835257102684965,0.6788853543284145,99.32111464567159,28.3785,89087,62
bur26b,RW,6,3841367,3817852,0.6159222515697308,0.6121518719768249,99.38784812802317,12.968,40784,61
bur26b,RW,7,3833295,3817852,0.4044944644265938,0.4028648982141996,99.59713510178581,3.0241,7725,61
bur26b,RW,8,3848208,3817852,0.7951067773187646,0.7888346991638706,99.21116530083613,19.2729,61029,54
bur26b,RW,9,3828371,3817852,0.27552141885018067,0.27476438412055676,99.72523561587946,15.8934,50966,52
bur26b,RW,10,3818041,3817852,0.004950427622652738,0.004950182567447547,99.99504981743256,20.9546,67589,69
bur26b,RW,11,3834539,3817852,0.43707823142437163,0.4351761711120946,99.56482382888791,18.1907,56019,57
bur26b,RW,12,3825792,3817852,0.2079703456289034,0.20753872662183415,99.79246127337817,26.8054,86308,74
bur26b,RW,13,3832344,3817852,0.379585169880865,0.37814976943614664,99.62185023056385,3.5562,10711,59
bur26b,RW,14,3842500,3817852,0.6455986245669031,0.6414573845152896,99.35854261548471,9.9553,31099,47
bur26b,RW,15,3830566,3817852,0.33301448039368736,0.33190917477991505,99.66809082522009,2.7669,9068,52
bur26b,RW,16,3835643,3817852,0.4659950149979622,0.46383357366678807,99.53616642633321,28.2661,92226,40
bur26b,RW,17,3840061,3817852,0.5817145347698129,0.5783501876662897,99.42164981233371,9.9783,30970,37
bur26b,RW,18,3824673,3817852,0.17866067097414987,0.1783420438819214,99.82165795611809,27.5206,90738,56
bur26b,RW,19,3828348,3817852,0.2749189858590642,0.2741652535244967,99.7258347464755,5.9,15819,62
bur26b,RW,20,3830696,3817852,0.3364195364304326,0.33529155015172174,99.66470844984828,14.5037,43685,55
bur26b,H,1,4611511,3817852,20.788102838978567,17.210389392977703,82.7896106070223,0.3546,38027,0
bur26b,H,2,4611511,3817852,20.788102838978567,17.210389392977703,82.7896106070223,0.4157,38027,0
bur26b,H,3,4239517,3817852,11.044561182570723,9.946062251902752,90.05393774809724,0.2563,38027,0
bur26b,H,4,4570618,3817852,19.717003173512225,16.469676529519642,83.53032347048035,0.2096,38027,0
bur26b,H,5,4393333,3817852,15.073423485247725,13.098961540133653,86.90103845986634,0.1701,38027,0
bur26b,H,6,4320711,3817852,13.17125441216684,11.638339152977368,88.36166084702263,0.1909,38027,0
bur26b,H,7,4334297,3817852,13.527108960745466,11.915311756439396,88.0846882435606,0.177,38027,0
bur26b,H,8,4307239,3817852,12.818385835805055,11.361965286811342,88.63803471318866,0.1801,38027,0
bur26b,H,9,4320711,3817852,13.17125441216684,11.638339152977368,88.36166084702263,0.1742,38027,0
bur26b,H,10,4154939,3817852,8.82923172506425,8.112922957473021,91.88707704252698,0.1773,38027,0
bur26b,H,11,4320711,3817852,13.17125441216684,11.638339152977368,88.36166084702263,0.1783,38027,0
bur26b,H,12,4393333,3817852,15.073423485247725,13.098961540133653,86.90103845986634,0.1748,38027,0
bur26b,H,13,4588299,3817852,20.18011698724833,16.791560445385098,83.2084395546149,0.1994,38027,0
bur26b,H,14,4588299,3817852,20.18011698724833,16.791560445385098,83.2084395546149,0.1714,38027,0
bur26b,H,15,4341946,3817852,13.727457219399808,12.070486367172691,87.92951363282731,0.1745,38027,0
bur26b,H,16,4307239,3817852,12.818385835805055,11.361965286811342,88.63803471318866,0.1694,38027,0
bur26b,H,17,4588299,3817852,20.18011698724833,16.791560445385098,83.2084395546149,0.1741,38027,0
bur26b,H,18,4488938,3817852,17.57758027288643,14.949772084176702,85.0502279158233,0.1864,38027,0
bur26b,H,19,4307239,3817852,12.818385835805055,11.361965286811342,88.63803471318866,0.1711,38027,0
bur26b,H,20,4611511,3817852,20.788102838978567,17.210389392977703,82.7896106070223,0.1816,38027,0
bur26b,G-2swap,1,3965010,3817852,3.8544710481181563,3.7114156080312535,96.28858439196874,0.0532,48,10
bur26b,G-2swap,2,4041579,3817852,5.860022861022376,5.535633473946692,94.46436652605331,0.0439,38,10
bur26b,G-2swap,3,4049443,3817852,6.06600255850672,5.719082846702621,94.28091715329738,0.0417,38,10
bur26b,G-2swap,4,4033691,3817852,5.65341453780817,5.350905659357645,94.64909434064236,0.0451,45,10
bur26b,G-2swap,5,4039001,3817852,5.792497980539843,5.475339075182204,94.5246609248178,0.0475,46,10
bur26b,G-2swap,6,4048396,3817852,6.038578761041549,5.6946998267956,94.3053001732044,0.0979,40,10
bur26b,G-2swap,7,3952964,3817852,3.5389533172055914,3.4179921699261615,96.58200783007383,0.0528,43,10
bur26b,G-2swap,8,4076091,3817852,6.763986660562013,6.335457181893142,93.66454281810685,0.0443,43,10
bur26b,G-2swap,9,4043221,3817852,5.903031338040343,5.57399657352393,94.42600342647607,0.0526,38,10
bur26b,G-2swap,10,4052623,3817852,6.149295467713259,5.793062912587724,94.20693708741229,0.0955,41,10
bur26b,G-2swap,11,4080712,3817852,6.885023306298935,6.441522949916584,93.55847705008343,0.0444,43,10
bur26b,G-2swap,12,4043688,3817852,5.915263347033882,5.584901703593354,94.41509829640665,0.1002,48,10
bur26b,G-2swap,13,3998592,3817852,4.734075600625692,4.5200910720573635,95.47990892794263,0.0439,43,10
bur26b,G-2swap,14,4070990,3817852,6.630377500227877,6.218094370165488,93.78190562983451,0.1085,53,10
bur26b,G-2swap,15,4068256,3817852,6.5587665525012495,6.155069887440712,93.84493011255928,0.0641,56,10
bur26b,G-2swap,16,4071961,3817852,6.655810649548489,6.240457607526202,93.75954239247379,0.0495,48,10
bur26b,G-2swap,17,4014140,3817852,5.141320302620427,4.889914153467492,95.11008584653251,0.0423,42,10
bur26b,G-2swap,18,3998604,3817852,4.734389913490623,4.520377611786514,95.47962238821349,0.0461,48,10
bur26b,G-2swap,19,4062821,3817852,6.4164090174265525,6.0295297282356275,93.97047027176437,0.0944,39,10
bur26b,G-2swap,20,4064566,3817852,6.462115346535172,6.06987314266763,93.93012685733237,0.0428,41,10
bur26b,S-2swap,1,3819214,3817852,0.03567451016959274,0.03566178800140553,99.9643382119986,37.0346,72496,213
bur26b,S-2swap,2,3818477,3817852,0.016370461715121486,0.016367782233597323,99.9836322177664,39.3467,70871,208
bur26b,S-2swap,3,3825145,3817852,0.19102364366140961,0.19065943905394436,99.80934056094605,36.4592,67946,199
bur26b,S-2swap,4,3825291,3817852,0.19484778351806198,0.19446886524450036,99.8055311347555,35.5037,66646,195
bur26b,S-2swap,5,3821982,3817852,0.1081760110135228,0.10805911697124686,99.89194088302875,34.9456,65021,190
bur26b,S-2swap,6,3821357,3817852,0.09180554929840129,0.09172134401470472,99.9082786559853,39.8841,74446,219
bur26b,S-2swap,7,3824716,3817852,0.17978695874015022,0.17946430532358482,99.82053569467641,33.917,63071,184
bur26b,S-2swap,8,3824522,3817852,0.17470556742377652,0.17440087937786736,99.82559912062213,35.8224,68921,202
bur26b,S-2swap,9,3817852,3817852,0.0,0.0,100.0,31.8592,63721,186
bur26b,S-2swap,10,3825610,3817852,0.20320326717745998,0.20279118885615627,99.79720881114385,32.6476,67946,199
bur26b,S-2swap,11,3819114,3817852,0.03305523629517331,0.03304431341929044,99.9669556865807,33.672,70546,207
bur26b,S-2swap,12,3827657,3817852,0.25681980338682586,0.25616192882486594,99.74383807117513,33.427,66321,194
bur26b,S-2swap,13,3826418,3817852,0.22436700008276905,0.2238647215228446,99.77613527847716,30.4091,63071,184
bur26b,S-2swap,14,3824483,3817852,0.17368405061275294,0.17338291214786417,99.82661708785213,31.7162,65996,193
bur26b,S-2swap,15,3825741,3817852,0.20663451595294946,0.20620841818617622,99.79379158181384,32.4838,67296,197
bur26b,S-2swap,16,3825859,3817852,0.20972525912476442,0.20928633282094297,99.79071366717905,33.2958,68596,201
bur26b,S-2swap,17,3817852,3817852,0.0,0.0,100.0,28.5773,59496,173
bur26b,S-2swap,18,3826458,3817852,0.22541470963253685,0.22490773451583684,99.77509226548416,35.2857,72821,214
bur26b,S-2swap,19,3825698,3817852,0.2055082281869491,0.20508675802428733,99.7949132419757,32.5256,65996,193
bur26b,S-2swap,20,3825110,3817852,0.1901068978053628,0.18974617723411877,99.81025382276589,31.0949,65346,191
bur26e,RS,1,5559310,5386879,3.200944368715169,3.1016618968900818,96.89833810310992,8.5244,20961,9
bur26e,RS,2,5571357,5386879,3.4245803553411913,3.311186125749974,96.68881387425003,3.3065,8055,9
bur26e,RS,3,5553240,5386879,3.0882631668541283,2.9957466271942144,97.00425337280578,13.5851,33478,8
bur26e,RS,4,5550715,5386879,3.041390014514898,2.9516197462849383,97.04838025371507,32.5681,79137,13
bur26e,RS,5,5540562,5386879,2.852913533049471,2.77377998838385,97.22622001161615,25.8193,60066,18
bur26e,RS,6,5512646,5386879,2.3346913862368175,2.281427104152888,97.71857289584712,12.7775,30453,16
bur26e,RS,7,5555457,5386879,3.1294187227892065,3.034457831281927,96.96554216871807,4.9811,11728,7
bur26e,RS,8,5539140,5386879,2.8265160587419915,2.7488202139682336,97.25117978603177,13.8068,30417,8
bur26e,RS,9,5501745,5386879,2.1323293135041643,2.087810321997839,97.91218967800216,22.2848,54156,15
bur26e,RS,10,5525193,5386879,2.5676091852072416,2.5033333677212726,97.49666663227873,24.7933,58855,12
bur26e,RS,11,5576145,5386879,3.5134629903511847,3.394208723051499,96.60579127694851,4.8646,12110,8
bur26e,RS,12,5576893,5386879,3.52734858161841,3.4071659614053917,96.59283403859462,8.6365,19003,15
bur26e,RS,13,5541880,5386879,2.8773803903893147,2.796902856070503,97.2030971439295,14.2607,33955,9
bur26e,RS,14,5509886,5386879,2.2834557820957184,2.232478131126488,97.7675218688735,19.6849,47135,12
bur26e,RS,15,5563159,5386879,3.2723957601423757,3.1687032493588627,96.83129675064114,9.9506,24070,9
bur26e,RS,16,5570733,5386879,3.4129966535353775,3.3003556264498766,96.69964437355011,6.4405,14638,11
bur26e,RS,17,5599978,5386879,3.955889857559451,3.8053542353202103,96.19464576467979,2.6468,4094,7
bur26e,RS,18,5559071,5386879,3.1965076624145445,3.0974959665023167,96.90250403349768,7.3988,16625,6
bur26e,RS,19,5557641,5386879,3.169961679109555,3.0725626214431627,96.92743737855683,16.3597,39768,14
bur26e,RS,20,5535204,5386879,2.753449631966859,2.679666368213349,97.32033363178665,10.9863,24731,10
bur26e,RW,1,5387239,5386879,0.006682904887969453,0.00668245830563671,99.99331754169435,26.2941,76363,56
bur26e,RW,2,5399611,5386879,0.23635206953785298,0.235794763733906,99.7642052362661,16.2183,48200,50
bur26e,RW,3,5398702,5386879,0.21947773469573012,0.218997084854841,99.78100291514515,8.3135,21525,74
bur26e,RW,4,5405975,5386879,0.3544909770574019,0.3532387774638247,99.64676122253617,17.4486,54328,70
bur26e,RW,5,5411648,5386879,0.45980241991698717,0.4576979138332722,99.54230208616673,1.5435,4232,53
bur26e,RW,6,5406978,5386879,0.37311029262027234,0.3717233545244682,99.62827664547554,22.5203,71466,57
bur26e,RW,7,5418832,5386879,0.5931634996813553,0.5896658172831342,99.41033418271687,11.4244,34089,62
bur26e,RW,8,5419503,5386879,0.6056196918475429,0.6019740186507877,99.3980259813492,2.9103,9483,54
bur26e,RW,9,5399467,5386879,0.23367890758266519,0.23313412231244307,99.76686587768756,27.5473,84574,72
bur26e,RW,10,5409248,5386879,0.4152497206638575,0.41353252799649787,99.5864674720035,31.6285,103323,57
bur26e,RW,11,5388824,5386879,0.03610625001972385,0.03609321811215211,99.96390678188784,26.0756,83925,79
bur26e,RW,12,5404475,5386879,0.3266455400241958,0.3255820408087742,99.67441795919123,2.9502,6909,50
bur26e,RW,13,5399239,5386879,0.22944640115361792,0.22892114981389045,99.77107885018611,15.0303,49263,49
bur26e,RW,14,5395811,5386879,0.16581029572039765,0.16553582028725616,99.83446417971274,12.6163,39746,63
bur26e,RW,15,5389474,5386879,0.04817260606744648,0.048149411241245436,99.95185058875875,28.4037,89877,51
bur26e,RW,16,5415300,5386879,0.5275967772804996,0.5248278027071446,99.47517219729286,15.73,50065,62
bur26e,RW,17,5388688,5386879,0.033581597062046505,0.033570323611238954,99.96642967638876,8.4511,23005,75
bur26e,RW,18,5392009,5386879,0.0952313946535647,0.09514079075164748,99.90485920924836,13.4553,43743,38
bur26e,RW,19,5464644,5386879,1.443600273924846,1.4230570189018716,98.57694298109813,2.8106,6025,58
bur26e,RW,20,5399882,5386879,0.24138281182851887,0.24080155825627303,99.75919844174372,23.7748,72726,78
bur26e,H,1,6299222,5386879,16.936393039457542,14.483423508490414,85.51657649150958,0.3145,38027,0
bur26e,H,2,6014625,5386879,11.65324114389798,10.43699316249974,89.56300683750025,0.1556,38027,0
bur26e,H,3,5901769,5386879,9.55822471601831,8.724333331243564,91.27566666875644,0.325,38027,0
bur26e,H,4,6233565,5386879,15.717561133264734,13.582693049643343,86.41730695035665,0.1439,38027,0
bur26e,H,5,5890820,5386879,9.354971589300595,8.554683388730263,91.44531661126973,0.1464,38027,0
bur26e,H,6,5905230,5386879,9.622473421066262,8.77782914467345,91.22217085532654,0.1436,38027,0
bur26e,H,7,6443362,5386879,19.612153902101756,16.396455763311142,83.60354423668885,0.3379,38027,0
bur26e,H,8,6161743,5386879,14.38428448086545,12.575402771585898,87.4245972284141,0.1978,38027,0
bur26e,H,9,6875177,5386879,27.628205497097667,21.64741358658839,78.3525864134116,0.2856,38027,0
bur26e,H,10,5890820,5386879,9.354971589300595,8.554683388730263,91.44531661126973,0.1454,38027,0
bur26e,H,11,6014625,5386879,11.65324114389798,10.43699316249974,89.56300683750025,0.1715,38027,0
bur26e,H,12,5905230,5386879,9.622473421066262,8.77782914467345,91.22217085532654,0.1477,38027,0
bur26e,H,13,6161743,5386879,14.38428448086545,12.575402771585898,87.4245972284141,0.3248,38027,0
bur26e,H,14,5901769,5386879,9.55822471601831,8.724333331243564,91.27566666875644,0.1523,38027,0
bur26e,H,15,6443362,5386879,19.612153902101756,16.396455763311142,83.60354423668885,0.1479,38027,0
bur26e,H,16,6420700,5386879,19.19146503940408,16.101375239459873,83.89862476054013,0.1452,38027,0
bur26e,H,17,5905230,5386879,9.622473421066262,8.77782914467345,91.22217085532654,0.3282,38027,0
bur26e,H,18,5901769,5386879,9.55822471601831,8.724333331243564,91.27566666875644,0.1599,38027,0
bur26e,H,19,6725536,5386879,24.850326135040348,19.904093889319753,80.09590611068025,0.1444,38027,0
bur26e,H,20,6235365,5386879,15.750975657704583,13.607639649002104,86.3923603509979,0.1779,38027,0
bur26e,G-2swap,1,5720586,5386879,6.194811504026728,5.833440839802076,94.16655916019792,0.0471,45,10
bur26e,G-2swap,2,5723692,5386879,6.252470122310154,5.884540957130468,94.11545904286953,0.042,47,10
bur26e,G-2swap,3,5753353,5386879,6.803085794204771,6.369746476532902,93.6302535234671,0.0397,40,10
bur26e,G-2swap,4,5603384,5386879,4.019117563249518,3.8638258595163206,96.13617414048367,0.0916,41,10
bur26e,G-2swap,5,5657654,5386879,5.026565475110913,4.785994336168313,95.21400566383168,0.0447,51,10
bur26e,G-2swap,6,5776629,5386879,7.235172722461374,6.747014565069005,93.25298543493099,0.047,55,10
bur26e,G-2swap,7,5690341,5386879,5.633354675313851,5.332931717097447,94.66706828290256,0.0431,42,10
bur26e,G-2swap,8,5814352,5386879,7.935448336597128,7.352031662341736,92.64796833765826,0.0363,36,10
bur26e,G-2swap,9,5714775,5386879,6.086938280960089,5.737688710404171,94.26231128959583,0.0403,43,10
bur26e,G-2swap,10,5688031,5386879,5.590472702282713,5.294485912611939,94.70551408738807,0.0432,49,10
bur26e,G-2swap,11,5822149,5386879,8.080188918295732,7.476105472395159,92.52389452760484,0.0632,43,10
bur26e,G-2swap,12,5709575,5386879,5.990407432578308,5.651839234969327,94.34816076503067,0.043,42,10
bur26e,G-2swap,13,5683020,5386879,5.497450378967116,5.210979373642887,94.78902062635711,0.0388,40,10
bur26e,G-2swap,14,5686061,5386879,5.553902361645769,5.261674118515437,94.73832588148457,0.0427,48,10
bur26e,G-2swap,15,5758402,5386879,6.896813535258542,6.451842021449701,93.5481579785503,0.0393,42,10
bur26e,G-2swap,16,5674129,5386879,5.33240119185896,5.062450994681298,94.9375490053187,0.0386,39,10
bur26e,G-2swap,17,5698438,5386879,5.783664344419097,5.467445640366711,94.5325543596333,0.1125,62,10
bur26e,G-2swap,18,5662584,5386879,5.118084144826717,4.86889024516016,95.13110975483984,0.0863,42,10
bur26e,G-2swap,19,5794480,5386879,7.5665519867812145,7.034298159627783,92.96570184037222,0.0421,47,10
bur26e,G-2swap,20,5719409,5386879,6.172962117768006,5.814062257131812,94.18593774286819,0.0423,48,10
bur26e,S-2swap,1,5387368,5386879,0.009077612472825174,0.00907678851713861,99.99092321148287,36.3492,76721,226
bur26e,S-2swap,2,5387239,5386879,0.006682904887969453,0.00668245830563671,99.99331754169435,34.0295,68921,202
bur26e,S-2swap,3,5388923,5386879,0.037944048863915454,0.03792965681639912,99.9620703431836,33.3991,71521,210
bur26e,S-2swap,4,5387454,5386879,0.010674084196062321,0.01067294495693142,99.98932705504306,36.2623,74771,220
bur26e,S-2swap,5,5387454,5386879,0.010674084196062321,0.01067294495693142,99.98932705504306,37.5117,77046,227
bur26e,S-2swap,6,5387655,5386879,0.014405372758511932,0.014403297909758512,99.98559670209023,36.2398,75421,222
bur26e,S-2swap,7,5387493,5386879,0.011398065558925679,0.011396766548002939,99.988603233452,38.393,78996,233
bur26e,S-2swap,8,5387477,5386879,0.011101047563904813,0.011099815368121293,99.98890018463187,36.5076,74771,220
bur26e,S-2swap,9,5395664,5386879,0.16308144289114346,0.1628159203389981,99.837184079661,36.8663,76721,226
bur26e,S-2swap,10,5387837,5386879,0.01778395245187427,0.017780790324577377,99.98221920967542,37.3256,77371,228
bur26e,S-2swap,11,5387701,5386879,0.015259299494196918,0.015256971387239193,99.98474302861277,32.8239,68596,201
bur26e,S-2swap,12,5392629,5386879,0.10674084196062321,0.10662702737384679,99.89337297262615,32.1465,66646,195
bur26e,S-2swap,13,5387576,5386879,0.012938846408096415,0.012937172487218743,99.98706282751279,36.3297,76396,225
bur26e,S-2swap,14,5400754,5386879,0.257570292557156,0.25690857239563214,99.74309142760437,31.762,65346,191
bur26e,S-2swap,15,5387863,5386879,0.01826660669378317,0.018263270613970695,99.98173672938603,34.4784,73796,217
bur26e,S-2swap,16,5387837,5386879,0.01778395245187427,0.017780790324577377,99.98221920967542,35.0133,73471,216
bur26e,S-2swap,17,5386879,5386879,0.0,0.0,100.0,33.8002,70546,207
bur26e,S-2swap,18,5388020,5386879,0.021181095769925405,0.021176610331810203,99.9788233896682,35.033,72821,214
bur26e,S-2swap,19,5387837,5386879,0.01778395245187427,0.017780790324577377,99.98221920967542,36.9039,77046,227
bur26e,S-2swap,20,5389311,5386879,0.04514673524317142,0.045126362163920394,99.95487363783609,34.0737,70221,206
bur26f,RS,1,3912299,3782044,3.444037139705408,3.3293723204693713,96.67062767953063,31.3664,76191,6
bur26f,RS,2,3898343,3782044,3.0750303275160205,2.9832931581443707,97.01670684185562,19.1803,46522,14
bur26f,RS,3,3882161,3782044,2.6471664528493055,2.5788987113105306,97.42110128868947,31.092,77803,8
bur26f,RS,4,3881213,3782044,2.622100641875134,2.5551032628201544,97.44489673717985,14.3664,34676,12
bur26f,RS,5,3931257,3782044,3.94530047773109,3.795554449887148,96.20444555011285,6.1237,14423,13
bur26f,RS,6,3896103,3782044,3.0158030948344337,2.927515006661785,97.07248499333822,13.5289,31757,15
bur26f,RS,7,3908035,3782044,3.3312938717793874,3.2238964082972643,96.77610359170274,30.1703,74570,14
bur26f,RS,8,3895942,3782044,3.0115461374854444,2.9235034813146603,97.07649651868535,25.0548,61798,14
bur26f,RS,9,3907247,3782044,3.3104585774253286,3.2043789399543976,96.7956210600456,11.2493,27831,5
bur26f,RS,10,3896086,3782044,3.0153536024435468,2.9270914451067047,97.0729085548933,34.6801,83216,17
bur26f,RS,11,3917513,3782044,3.581899100063352,3.4580357487007705,96.54196425129923,11.7357,29342,11
bur26f,RS,12,3878283,3782044,2.5446293062693086,2.4814847188820415,97.51851528111796,28.7364,68339,9
bur26f,RS,13,3902631,3782044,3.188408172935058,3.0898898717301226,96.91011012826988,10.382,24656,8
bur26f,RS,14,3893357,3782044,2.943196853341738,2.859049401326413,97.1409505986736,20.2236,48815,10
bur26f,RS,15,3896510,3782044,3.026564471486847,2.9376544651495826,97.06234553485041,11.5164,25377,11
bur26f,RS,16,3903266,3782044,3.2051980357711334,3.105655622752843,96.89434437724715,29.7036,72086,9
bur26f,RS,17,3899183,3782044,3.0972405397716156,3.0041934425750214,96.99580655742498,30.9587,75431,12
bur26f,RS,18,3886600,3782044,2.764536848328576,2.6901662121134153,97.30983378788657,29.3928,69118,13
bur26f,RS,19,3874435,3782044,2.442885381555582,2.384631565634731,97.61536843436527,23.8726,57055,10
bur26f,RS,20,3910131,3782044,3.386713639502872,3.275772601992107,96.72422739800788,18.5519,45111,5
bur26f,RW,1,3798890,3782044,0.44542051864018506,0.44344532218621757,99.55655467781378,1.9781,4973,56
bur26f,RW,2,3783215,3782044,0.03096209351345463,0.030952509968373457,99.96904749003163,17.1441,53419,58
bur26f,RW,3,3796177,3782044,0.37368682120038793,0.3722956016012952,99.6277043983987,1.3133,3431,67
bur26f,RW,4,3783563,3782044,0.04016346716220118,0.04014734259744056,99.95985265740256,34.5943,112894,97
bur26f,RW,5,3812176,3782044,0.7967120424828479,0.7904147132766168,99.20958528672338,1.1242,2275,47
bur26f,RW,6,3832716,3782044,1.3398046135899,1.32209117503097,98.67790882496902,28.2081,89369,71
bur26f,RW,7,3795552,3782044,0.3571613656530701,0.35589026312905214,99.64410973687094,5.1388,15371,50
bur26f,RW,8,3808187,3782044,0.6912399749976468,0.6864946495537115,99.31350535044629,15.5477,50442,68
bur26f,RW,9,3798734,3782044,0.4412957649355745,0.4393569015361433,99.56064309846386,1.6165,4307,62
bur26f,RW,10,3819836,3782044,0.9992480256707749,0.989361846948403,99.0106381530516,16.0937,49164,59
bur26f,RW,11,3800697,3782044,0.49319891571859026,0.49077840196153494,99.50922159803847,24.7532,77448,66
bur26f,RW,12,3783951,3782044,0.050422469965976074,0.050397058524277935,99.94960294147572,32.5342,98844,42
bur26f,RW,13,3821248,3782044,1.0365823348432752,1.0259475438390808,98.97405245616092,13.0549,41040,37
bur26f,RW,14,3791716,3782044,0.2557347296858524,0.25508239541147065,99.74491760458854,26.8309,83241,54
bur26f,RW,15,3799025,3782044,0.44899001703840563,0.4469831075078474,99.55301689249215,9.011,28717,56
bur26f,RW,16,3791935,3782044,0.26152524930963256,0.26084307879750046,99.7391569212025,23.4235,76328,47
bur26f,RW,17,3806718,3782044,0.652398544279231,0.6481698933306854,99.35183010666931,24.9911,80756,83
bur26f,RW,18,3795306,3782044,0.35065694634964584,0.3494316400311332,99.65056835996887,21.0681,68468,71
bur26f,RW,19,3787889,3782044,0.15454606027851606,0.15430758398675357,99.84569241601324,7.5297,23158,62
bur26f,RW,20,3795518,3782044,0.356262380871296,0.35499765776370973,99.64500234223628,6.2895,20704,60
bur26f,H,1,4712108,3782044,24.59157006105693,19.73774794635437,80.26225205364564,0.3716,38027,0
bur26f,H,2,4428762,3782044,17.099695297040437,14.602681291069603,85.39731870893038,0.3434,38027,0
bur26f,H,3,4131634,3782044,9.243414407658927,8.461301267246808,91.53869873275319,0.192,38027,0
bur26f,H,4,4428762,3782044,17.099695297040437,14.602681291069603,85.39731870893038,0.3261,38027,0
bur26f,H,5,4133667,3782044,9.297168409463243,8.5063213848624,91.4936786151376,0.159,38027,0
bur26f,H,6,4133127,3782044,9.282890415870359,8.49436758173654,91.50563241826346,0.2769,38027,0
bur26f,H,7,4625870,3782044,22.311374484273582,18.24145512087456,81.75854487912544,0.1423,38027,0
bur26f,H,8,4681823,3782044,23.790812587056102,19.218560804199562,80.78143919580044,0.1461,38027,0
bur26f,H,9,4681823,3782044,23.790812587056102,19.218560804199562,80.78143919580044,0.1421,38027,0
bur26f,H,10,4131634,3782044,9.243414407658927,8.461301267246808,91.53869873275319,0.1454,38027,0
bur26f,H,11,4365940,3782044,15.438635827610678,13.373889700728824,86.62611029927118,0.1472,38027,0
bur26f,H,12,4133127,3782044,9.282890415870359,8.49436758173654,91.50563241826346,0.145,38027,0
bur26f,H,13,4314038,3782044,14.066309117503655,12.331694806582604,87.6683051934174,0.1454,38027,0
bur26f,H,14,4133667,3782044,9.297168409463243,8.5063213848624,91.4936786151376,0.1476,38027,0
bur26f,H,15,4681823,3782044,23.790812587056102,19.218560804199562,80.78143919580044,0.1424,38027,0
bur26f,H,16,4532043,3782044,19.830520216052484,16.54880591380091,83.4511940861991,0.1452,38027,0
bur26f,H,17,4625870,3782044,22.311374484273582,18.24145512087456,81.75854487912544,0.1556,38027,0
bur26f,H,18,4781050,3782044,26.414446791206025,20.895117181372292,79.10488281862771,0.1462,38027,0
bur26f,H,19,4133260,3782044,9.28640703281083,8.497312049084742,91.50268795091526,0.361,38027,0
bur26f,H,20,4428762,3782044,17.099695297040437,14.602681291069603,85.39731870893038,0.1502,38027,0
bur26f,G-2swap,1,4017503,3782044,6.225707580345443,5.860829475422919,94.13917052457708,0.0443,42,10
bur26f,G-2swap,2,4042574,3782044,6.88860309398833,6.444656300663884,93.5553436993361,0.0415,47,10
bur26f,G-2swap,3,4003195,3782044,5.847393631591806,5.524362415520603,94.4756375844794,0.0428,46,10
bur26f,G-2swap,4,4062595,3782044,7.41797292680889,6.9057092818752555,93.09429071812475,0.0395,36,10
bur26f,G-2swap,5,4015870,3782044,6.182529870091411,5.822549036696905,94.1774509633031,0.0497,63,10
bur26f,G-2swap,6,4033665,3782044,6.653042640434643,6.238024228586162,93.76197577141384,0.0423,49,10
bur26f,G-2swap,7,4032461,3782044,6.62120800286829,6.210029061657385,93.78997093834262,0.0411,46,10
bur26f,G-2swap,8,4039071,3782044,6.7959812207367225,6.363517749502299,93.63648225049769,0.048,53,10
bur26f,G-2swap,9,4047754,3782044,7.0255660695644995,6.564381135810131,93.43561886418988,0.0771,42,10
bur26f,G-2swap,10,4122281,3782044,8.996114270484426,8.253610076557129,91.74638992344288,0.0401,42,10
bur26f,G-2swap,11,3992557,3782044,5.56611715781202,5.272636057544075,94.72736394245592,0.0473,41,10
bur26f,G-2swap,12,4028158,3782044,6.507433546516117,6.109839782848637,93.89016021715136,0.0421,47,10
bur26f,G-2swap,13,4015379,3782044,6.169547472213438,5.811033030755005,94.18896696924499,0.053,37,10
bur26f,G-2swap,14,4062673,3782044,7.420035303661194,6.9074966161441,93.0925033838559,0.0463,46,10
bur26f,G-2swap,15,4018056,3782044,6.240329303413709,5.873785731209321,94.12621426879068,0.0445,49,10
bur26f,G-2swap,16,3978888,3782044,5.20469883480996,4.947211381672467,95.05278861832753,0.0839,37,10
bur26f,G-2swap,17,4057140,3782044,7.2737387507919,6.780539986295765,93.21946001370424,0.0657,41,10
bur26f,G-2swap,18,3987169,3782044,5.423654510629702,5.144627679438719,94.85537232056129,0.0449,50,10
bur26f,G-2swap,19,4031185,3782044,6.587469632822886,6.180341512483302,93.8196584875167,0.043,49,10
bur26f,G-2swap,20,4018539,3782044,6.253100175460677,5.885099037237166,94.11490096276283,0.0431,49,10
bur26f,S-2swap,1,3783144,3782044,0.029084801763279326,0.029076344965985962,99.97092365503401,35.827,74771,220
bur26f,S-2swap,2,3782690,3782044,0.017080710853707676,0.0170777938451208,99.98292220615488,34.8813,72496,213
bur26f,S-2swap,3,3782667,3782044,0.016472574089566382,0.016469861079497612,99.9835301389205,32.9495,66321,194
bur26f,S-2swap,4,3783275,3782044,0.032548537245997135,0.03253794662032234,99.96746205337968,32.7913,66971,196
bur26f,S-2swap,5,3782690,3782044,0.017080710853707676,0.0170777938451208,99.98292220615488,36.1659,72821,214
bur26f,S-2swap,6,3782051,3782044,0.00018508510212995934,0.0001850847595656431,99.99981491524044,35.4449,70871,208
bur26f,S-2swap,7,3782827,3782044,0.02070309070967974,0.020698805417218392,99.97930119458277,35.2396,69246,203
bur26f,S-2swap,8,3782044,3782044,0.0,0.0,100.0,34.5211,70546,207
bur26f,S-2swap,9,3795037,3782044,0.3435443902820803,0.34236820352476144,99.65763179647524,34.0891,69246,203
bur26f,S-2swap,10,3782245,3782044,0.005314586504017404,0.005314304070730479,99.99468569592926,30.9972,63721,186
bur26f,S-2swap,11,3782503,3782044,0.012136294553950192,0.01213482183622855,99.98786517816377,31.4961,65671,192
bur26f,S-2swap,12,3782706,3782044,0.01750376251571901,0.017500699234886348,99.98249930076511,32.9707,66646,195
bur26f,S-2swap,13,3782044,3782044,0.0,0.0,100.0,32.8931,67621,198
bur26f,S-2swap,14,3782754,3782044,0.01877291750175302,0.01876939393891329,99.98123060606109,35.697,73471,216
bur26f,S-2swap,15,3782044,3782044,0.0,0.0,100.0,37.7325,78021,230
bur26f,S-2swap,16,3783234,3782044,0.03146446736209309,0.03145457034907172,99.96854542965093,36.8741,72496,213
bur26f,S-2swap,17,3782486,3782044,0.011686802163063148,0.011685436509216425,99.98831456349079,31.5132,64371,188
bur26f,S-2swap,18,3782051,3782044,0.00018508510212995934,0.0001850847595656431,99.99981491524044,34.057,71196,209
bur26f,S-2swap,19,3783586,3782044,0.04077160392634247,0.040754987464273314,99.95924501253572,35.6249,71521,210
bur26f,S-2swap,20,3782068,3782044,0.0006345774930170035,0.0006345734661566106,99.99936542653384,32.9713,70546,207
bur26g,RS,1,10388859,10117172,2.6854045774846966,2.615176507834017,97.38482349216598,1.9611,3127,6
bur26g,RS,2,10382411,10117172,2.621671352429315,2.5546956289825165,97.44530437101749,35.2618,87653,9
bur26g,RS,3,10389455,10117172,2.6912955517609074,2.6207630717876924,97.37923692821231,6.1688,14086,13
bur26g,RS,4,10358440,10117172,2.3847375531423207,2.3291924266588406,97.67080757334115,19.6377,48278,5
bur26g,RS,5,10360789,10117172,2.407955503771212,2.3513363702320356,97.64866362976797,31.1741,74982,9
bur26g,RS,6,10343883,10117172,2.2408534717013806,2.1917397944272956,97.80826020557271,25.5651,60271,9
bur26g,RS,7,10374484,10117172,2.543319417718706,2.48023901718871,97.51976098281129,28.3172,68487,11
bur26g,RS,8,10423621,10117172,3.0289986174001986,2.939947643913761,97.06005235608623,7.0562,16952,10
bur26g,RS,9,10419728,10117172,2.9905194850893118,2.9036842420454736,97.09631575795453,20.4844,48305,5
bur26g,RS,10,10350300,10117172,2.3042802870209185,2.252379158092036,97.74762084190797,37.5123,92721,17
bur26g,RS,11,10413750,10117172,2.931431826996714,2.847946224942984,97.15205377505701,6.7502,15905,7
bur26g,RS,12,10393569,10117172,2.731959088962805,2.6593078854818786,97.34069211451812,26.1764,61925,11
bur26g,RS,13,10458654,10117172,3.3752712714580717,3.2650664225052286,96.73493357749477,1.883,2943,3
bur26g,RS,14,10349827,10117172,2.299605067503053,2.247911969929546,97.75208803007045,32.4062,79667,7
bur26g,RS,15,10322691,10117172,2.031387822604973,1.990944028064,98.009055971936,16.4836,39518,8
bur26g,RS,16,10371394,10117172,2.5127772859846607,2.4511844791548754,97.54881552084512,12.9875,30024,11
bur26g,RS,17,10394717,10117172,2.7433061333740296,2.670058261326403,97.3299417386736,4.551,7410,8
bur26g,RS,18,10366916,10117172,2.468515905432862,2.409048168230552,97.59095183176944,19.785,48464,10
bur26g,RS,19,10386164,10117172,2.658766698836394,2.5899071110373377,97.41009288896267,18.4667,44147,11
bur26g,RS,20,10421443,10117172,3.0074708624109583,2.919662852831417,97.08033714716858,23.4587,56173,9
bur26g,RW,1,10144559,10117172,0.27069817533990725,0.26996737857209957,99.7300326214279,11.5779,34060,68
bur26g,RW,2,10202969,10117172,0.8480334227786183,0.8409022903039302,99.15909770969607,22.2122,72226,54
bur26g,RW,3,10163409,10117172,0.457015063102614,0.45493593734149634,99.54506406265851,20.5745,66985,65
bur26g,RW,4,10212031,10117172,0.9376039074950984,0.9288945558430052,99.071105444157,29.6352,95021,59
bur26g,RW,5,10159893,10117172,0.42226226854698135,0.42048671181871705,99.57951328818129,3.0578,9408,55
bur26g,RW,6,10119379,10117172,0.021814396355028857,0.021809638713996184,99.978190361286,4.7358,15108,63
bur26g,RW,7,10170268,10117172,0.5248106882041741,0.5220708048204825,99.47792919517951,28.8559,93391,42
bur26g,RW,8,10210466,10117172,0.9221351579275316,0.9137095211912952,99.0862904788087,30.3904,97172,52
bur26g,RW,9,10171214,10117172,0.5341611272399046,0.531323006280273,99.46867699371973,3.5083,11409,49
bur26g,RW,10,10144610,10117172,0.2712022687762944,0.2704687513862041,99.7295312486138,2.8636,7552,59
bur26g,RW,11,10185902,10117172,0.6793400369194079,0.6747561482527518,99.32524385174725,27.9016,89729,60
bur26g,RW,12,10159143,10117172,0.4148491297765819,0.41313524182108663,99.58686475817892,32.8734,102733,47
bur26g,RW,13,10122750,10117172,0.05513398408171769,0.05510360326986244,99.94489639673014,10.8954,34061,68
bur26g,RW,14,10137008,10117172,0.19606269419952532,0.19567904060054012,99.80432095939946,8.1067,25005,63
bur26g,RW,15,10122528,10117172,0.05293969500567945,0.052911683721694816,99.94708831627831,30.399,97961,70
bur26g,RW,16,10148431,10117172,0.30896973976522296,0.3080180571755378,99.69198194282446,2.6318,6247,58
bur26g,RW,17,10158939,10117172,0.4128327560310332,0.4111354542044204,99.58886454579557,12.7434,37199,70
bur26g,RW,18,10160579,10117172,0.42904281947564,0.42720990604964537,99.57279009395036,36.9267,117849,85
bur26g,RW,19,10118598,10117172,0.014094847848786202,0.014092861481402858,99.9859071385186,10.1925,30059,54
bur26g,RW,20,10202301,10117172,0.8414307871804493,0.8344098061799979,99.16559019382,29.1454,87074,91
bur26g,H,1,11367867,10117172,12.36210079259303,11.00201999196507,88.99798000803493,0.3447,38027,0
bur26g,H,2,12269430,10117172,21.27331629826991,17.541629888267018,82.45837011173298,0.3783,38027,0
bur26g,H,3,11582454,10117172,14.483118405024644,12.650876921246567,87.34912307875344,0.2904,38027,0
bur26g,H,4,11754026,10117172,16.178967798511284,13.925900793481313,86.07409920651868,0.3417,38027,0
bur26g,H,5,11290836,10117172,11.600712135762839,10.394837016497274,89.60516298350272,0.229,38027,0
bur26g,H,6,11447921,10117172,13.153369340760444,11.624372669937188,88.37562733006281,0.1452,38027,0
bur26g,H,7,12003197,10117172,18.64182006592356,15.712688877804803,84.28731112219519,0.3565,38027,0
bur26g,H,8,11582454,10117172,14.483118405024644,12.650876921246567,87.34912307875344,0.2807,38027,0
bur26g,H,9,12260933,10117172,21.1893303780938,17.48448507140525,82.51551492859474,0.3262,38027,0
bur26g,H,10,11447921,10117172,13.153369340760444,11.624372669937188,88.37562733006281,0.331,38027,0
bur26g,H,11,12033156,10117172,18.937940365153423,15.922539357089693,84.07746064291031,0.3071,38027,0
bur26g,H,12,12003197,10117172,18.64182006592356,15.712688877804803,84.28731112219519,0.1446,38027,0
bur26g,H,13,11302274,10117172,11.713767444103945,10.485518224031729,89.51448177596826,0.1469,38027,0
bur26g,H,14,11367867,10117172,12.36210079259303,11.00201999196507,88.99798000803493,0.1498,38027,0
bur26g,H,15,11091028,10117172,9.625772893848202,8.780574713182583,91.21942528681741,0.1455,38027,0
bur26g,H,16,11901875,10117172,17.640334670597674,14.995141521819042,85.00485847818095,0.1476,38027,0
bur26g,H,17,11582454,10117172,14.483118405024644,12.650876921246567,87.34912307875344,0.2678,38027,0
bur26g,H,18,12269430,10117172,21.27331629826991,17.541629888267018,82.45837011173298,0.2911,38027,0
bur26g,H,19,11901875,10117172,17.640334670597674,14.995141521819042,85.00485847818095,0.1461,38027,0
bur26g,H,20,12052274,10117172,19.12690621450342,16.055907789683506,83.94409221031648,0.2884,38027,0
bur26g,G-2swap,1,10768688,10117172,6.439704692180779,6.050096353427641,93.94990364657237,0.0418,37,10
bur26g,G-2swap,2,10610944,10117172,4.880533809250253,4.653421976404738,95.34657802359526,0.0382,35,10
bur26g,G-2swap,3,10550872,10117172,4.286771046296336,4.110560719531049,95.88943928046895,0.0388,39,10
bur26g,G-2swap,4,10723091,10117172,5.989015507495573,5.650600186084405,94.3493998139156,0.0418,46,10
bur26g,G-2swap,5,10640907,10117172,5.176693645220225,4.921901864192592,95.07809813580741,0.0391,40,10
bur26g,G-2swap,6,10542216,10117172,4.201213540700899,4.031827843405979,95.96817215659402,0.0456,52,10
bur26g,G-2swap,7,10556253,10117172,4.339957845927696,4.159439907323176,95.84056009267682,0.0374,37,10
bur26g,G-2swap,8,10820510,10117172,6.951922928660302,6.500044822286564,93.49995517771343,0.0434,49,10
bur26g,G-2swap,9,10571079,10117172,4.4865007731409525,4.293856852266453,95.70614314773354,0.0381,39,10
bur26g,G-2swap,10,10614603,10117172,4.916700042264775,4.6862892564140175,95.31371074358597,0.0351,33,10
bur26g,G-2swap,11,10683649,10117172,5.599163481652778,5.302280147915754,94.69771985208425,0.0441,48,10
bur26g,G-2swap,12,10562201,10117172,4.398748978469477,4.21341157965087,95.78658842034913,0.0411,38,10
bur26g,G-2swap,13,10725331,10117172,6.011156081956499,5.670305186851576,94.32969481314842,0.0376,38,10
bur26g,G-2swap,14,10686895,10117172,5.631247546251067,5.331043301164651,94.66895669883534,0.0409,39,10
bur26g,G-2swap,15,10627811,10117172,5.047250358104024,4.8047429522410585,95.19525704775894,0.037,37,10
bur26g,G-2swap,16,10725044,10117172,6.008319320853693,5.667780943369556,94.33221905663044,0.0417,46,10
bur26g,G-2swap,17,10554906,10117172,4.326643848696059,4.147208890349189,95.85279110965081,0.0395,39,10
bur26g,G-2swap,18,10565410,10117172,4.43046732822176,4.242504550225689,95.75749544977431,0.0414,46,10
bur26g,G-2swap,19,10613327,10117172,4.9040878221700686,4.674830050935018,95.32516994906499,0.0402,41,10
bur26g,G-2swap,20,10758891,10117172,6.342869331469307,5.964545974115733,94.03545402588426,0.0394,41,10
bur26g,S-2swap,1,10118598,10117172,0.014094847848786202,0.014092861481402858,99.9859071385186,35.6224,74771,220
bur26g,S-2swap,2,10120066,10117172,0.028604831468714776,0.028596651444763307,99.97140334855523,38.7731,80946,239
bur26g,S-2swap,3,10120372,10117172,0.03162939208703776,0.03161939106586201,99.96838060893414,33.2844,71196,209
bur26g,S-2swap,4,10118634,10117172,0.014450678509765377,0.014448590590389969,99.98555140940961,35.9747,74446,219
bur26g,S-2swap,5,10126026,10117172,0.08751457423082261,0.0874380531908569,99.91256194680915,34.4564,72821,214
bur26g,S-2swap,6,10119194,10117172,0.019985822124996985,0.01998182859227721,99.98001817140772,33.1107,66971,196
bur26g,S-2swap,7,10118932,10117172,0.01739616564787077,0.01739313990844093,99.98260686009156,38.277,76721,226
bur26g,S-2swap,8,10118634,10117172,0.014450678509765377,0.014448590590389969,99.98555140940961,35.4577,73796,217
bur26g,S-2swap,9,10118634,10117172,0.014450678509765377,0.014448590590389969,99.98555140940961,38.9366,79321,234
bur26g,S-2swap,10,10118972,10117172,0.01779153304895874,0.01778836822554702,99.98221163177445,35.4319,73471,216
bur26g,S-2swap,11,10119435,10117172,0.022367910716552017,0.022362908601122493,99.97763709139888,35.3564,72496,213
bur26g,S-2swap,12,10118177,10117172,0.009933605952335297,0.009932619285074771,99.99006738071492,36.8349,76071,224
bur26g,S-2swap,13,10118879,10117172,0.016872303841429206,0.0168694575752907,99.98313054242472,36.8559,75746,223
bur26g,S-2swap,14,10118819,10117172,0.01627925273979725,0.016276603030452464,99.98372339696955,33.1903,68921,202
bur26g,S-2swap,15,10118141,10117172,0.009577775291356122,0.009576858041412943,99.99042314195859,35.4127,75096,221
bur26g,S-2swap,16,10119059,10117172,0.01865145714632508,0.018647979026508294,99.98135202097349,36.6055,77371,228
bur26g,S-2swap,17,10118542,10117172,0.013541333487263042,0.013539500058407624,99.98646049994159,35.406,75096,221
bur26g,S-2swap,18,10119719,10117172,0.025175019264276618,0.02516868304347186,99.97483131695653,38.2245,79646,235
bur26g,S-2swap,19,10118362,10117172,0.011762180182367167,0.011760796856250054,99.98823920314375,34.3766,73796,217
bur26g,S-2swap,20,10118819,10117172,0.01627925273979725,0.016276603030452464,99.98372339696955,38.862,83871,248
bur26h,RS,1,7305068,7098658,2.9077327010260245,2.8255726024726946,97.17442739752731,30.9468,74622,10
bur26h,RS,2,7283241,7098658,2.600252047640554,2.5343524949950167,97.46564750500498,29.9207,72897,15
bur26h,RS,3,7263685,7098658,2.3247633566795303,2.271945988847259,97.72805401115275,23.2559,56258,7
bur26h,RS,4,7312586,7098658,3.0136400429489627,2.925476705504728,97.07452329449528,17.0584,40085,10
bur26h,RS,5,7414686,7098658,4.4519400709260815,4.262189929553322,95.73781007044668,1.4441,1617,11
bur26h,RS,6,7291532,7098658,2.7170487717537597,2.6451779955158945,97.3548220044841,9.4895,21065,3
bur26h,RS,7,7328088,7098658,3.232019347882374,3.130830306622955,96.86916969337705,7.8751,18410,12
bur26h,RS,8,7277513,7098658,2.5195607395087913,2.457639031355904,97.54236096864409,21.8719,51298,9
bur26h,RS,9,7289721,7098658,2.6915369073985533,2.620991941941262,97.37900805805873,19.9088,46458,7
bur26h,RS,10,7325932,7098658,3.2016474099752377,3.102321998074784,96.89767800192521,10.6618,25340,8
bur26h,RS,11,7307995,7098658,2.948965846783998,2.8644929286350087,97.13550707136498,25.9336,62563,8
bur26h,RS,12,7279105,7098658,2.541987513696251,2.4789723461881645,97.52102765381183,29.4745,72228,5
bur26h,RS,13,7350324,7098658,3.5452616536815835,3.423876280827893,96.5761237191721,8.7861,21323,7
bur26h,RS,14,7301919,7098658,2.8633722035911577,2.783665499439257,97.21633450056075,31.4572,73415,9
bur26h,RS,15,7297906,7098658,2.8068403915218907,2.730207815776197,97.2697921842238,23.7798,58162,4
bur26h,RS,16,7270206,7098658,2.4166257903958748,2.359603015375355,97.64039698462464,27.7722,67166,7
bur26h,RS,17,7334167,7098658,3.3176552525843617,3.211121317526585,96.78887868247341,4.4418,8934,6
bur26h,RS,18,7301272,7098658,2.8542578047850737,2.775050703493857,97.22494929650615,31.7284,75982,7
bur26h,RS,19,7297838,7098658,2.80588246398122,2.72930147257311,97.27069852742689,8.0487,19901,9
bur26h,RS,20,7292212,7098658,2.7266280471604634,2.654256349102303,97.3457436508977,11.7009,27717,15
bur26h,RW,1,7249768,7098658,2.1287122157455673,2.0843425610309185,97.91565743896908,0.7876,2014,35
bur26h,RW,2,7159981,7098658,0.8638675084783631,0.8564687531992055,99.14353124680079,17.4294,54473,77
bur26h,RW,3,7101559,7098658,0.040866879345363594,0.04085018514948619,99.9591498148505,22.7633,70340,62
bur26h,RW,4,7171331,7098658,1.0237568847520193,1.0133823135482103,98.9866176864518,31.1172,101078,41
bur26h,RW,5,7122823,7098658,0.34041645618087246,0.3392615540214884,99.66073844597851,33.0292,102486,65
bur26h,RW,6,7100809,7098658,0.03030150205855811,0.030292323029671688,99.96970767697033,12.1317,39638,48
bur26h,RW,7,7098905,7098658,0.003479530919787937,0.003479409852646289,99.99652059014736,4.9111,13162,60
bur26h,RW,8,7143423,7098658,0.6306121523251296,0.6266603559666004,99.3733396440334,4.7633,10487,64
bur26h,RW,9,7138090,7098658,0.5554852762310848,0.5524166828941636,99.44758331710584,27.017,85370,59
bur26h,RW,10,7126280,7098658,0.3891158018881879,0.3876075596243762,99.61239244037561,11.8023,38676,59
bur26h,RW,11,7148980,7098658,0.7088945544355003,0.7039046129657657,99.29609538703423,9.1662,28272,48
bur26h,RW,12,7101502,7098658,0.04006391067156637,0.04004786593033417,99.95995213406967,5.415,15533,67
bur26h,RW,13,7125132,7098658,0.3729437310545176,0.3715580286793283,99.62844197132067,21.2614,65751,66
bur26h,RW,14,7145311,7098658,0.6572087287484479,0.6529176966544913,99.34708230334552,22.7536,72739,63
bur26h,RW,15,7100557,7098658,0.026751535290191468,0.02674438075773492,99.97325561924227,29.6889,91847,63
bur26h,RW,16,7122745,7098658,0.3393176569430447,0.33817018579213487,99.66182981420786,22.0691,63628,65
bur26h,RW,17,7099875,7098658,0.017144085544056355,0.017141146851176958,99.98285885314883,5.401,16217,59
bur26h,RW,18,7099755,7098658,0.01545362517816748,0.015451237401854008,99.98454876259815,12.453,38096,58
bur26h,RW,19,7100002,7098658,0.018933156097955418,0.01892957213251489,99.98107042786748,6.5312,17900,78
bur26h,RW,20,7115764,7098658,0.24097512515745936,0.24039583100282694,99.75960416899717,24.466,75707,45
bur26h,H,1,8240101,7098658,16.07970126184414,13.852293800767734,86.14770619923226,0.3173,38027,0
bur26h,H,2,8487883,7098658,19.570248348349786,16.367155390808286,83.63284460919172,0.3296,38027,0
bur26h,H,3,8240101,7098658,16.07970126184414,13.852293800767734,86.14770619923226,0.33,38027,0
bur26h,H,4,8183581,7098658,15.28349442951048,13.257313638124923,86.74268636187507,0.1467,38027,0
bur26h,H,5,8070623,7098658,13.692235912759848,12.043246227707575,87.95675377229243,0.3246,38027,0
bur26h,H,6,8070623,7098658,13.692235912759848,12.043246227707575,87.95675377229243,0.1456,38027,0
bur26h,H,7,8155666,7098658,14.890251086895578,12.96041304290784,87.03958695709217,0.2406,38027,0
bur26h,H,8,8240101,7098658,16.07970126184414,13.852293800767734,86.14770619923226,0.1447,38027,0
bur26h,H,9,8240101,7098658,16.07970126184414,13.852293800767734,86.14770619923226,0.1454,38027,0
bur26h,H,10,8062933,7098658,13.583905577645803,11.959357717594827,88.04064228240517,0.1467,38027,0
bur26h,H,11,7736703,7098658,8.988248201279735,8.24698841353998,91.75301158646002,0.1638,38027,0
bur26h,H,12,8703706,7098658,22.610583577910077,18.440972155998836,81.55902784400116,0.147,38027,0
bur26h,H,13,8079667,7098658,13.819640275669007,12.141700889405467,87.85829911059453,0.3253,38027,0
bur26h,H,14,8733891,7098658,23.03580479577971,18.722846438088133,81.27715356191186,0.292,38027,0
bur26h,H,15,8631812,7098658,21.59780059836662,17.761670434898257,82.23832956510174,0.1474,38027,0
bur26h,H,16,7952264,7098658,12.024892592374501,10.734125527019726,89.26587447298027,0.1472,38027,0
bur26h,H,17,7952264,7098658,12.024892592374501,10.734125527019726,89.26587447298027,0.1448,38027,0
bur26h,H,18,8183581,7098658,15.28349442951048,13.257313638124923,86.74268636187507,0.1462,38027,0
bur26h,H,19,8240101,7098658,16.07970126184414,13.852293800767734,86.14770619923226,0.1973,38027,0
bur26h,H,20,8733891,7098658,23.03580479577971,18.722846438088133,81.27715356191186,0.1459,38027,0
bur26h,G-2swap,1,7572977,7098658,6.681812252400383,6.263309660124413,93.73669033987558,0.0521,56,10
bur26h,G-2swap,2,7533200,7098658,6.121466902617368,5.768358732012956,94.23164126798704,0.0479,59,10
bur26h,G-2swap,3,7552238,7098658,6.389658439665638,6.005901826716796,93.9940981732832,0.045,50,10
bur26h,G-2swap,4,7426350,7098658,4.616252818490481,4.412557986090071,95.58744201390994,0.0403,43,10
bur26h,G-2swap,5,7524858,7098658,6.003951732848659,5.663894255546085,94.33610574445392,0.0352,33,10
bur26h,G-2swap,6,7421036,7098658,4.541393598621035,4.344110444956742,95.65588955504326,0.0407,45,10
bur26h,G-2swap,7,7406878,7098658,4.341947449785579,4.161267405781492,95.83873259421851,0.0381,38,10
bur26h,G-2swap,8,7502145,7098658,5.6839898470950425,5.378288476162484,94.62171152383752,0.0423,48,10
bur26h,G-2swap,9,7578200,7098658,6.755389539825697,6.327914280435988,93.67208571956401,0.0373,37,10
bur26h,G-2swap,10,7597543,7098658,7.027877663637268,6.566399163519049,93.43360083648096,0.0899,43,10
bur26h,G-2swap,11,7432805,7098658,4.707185499005587,4.495570649303997,95.504429350696,0.0396,42,10
bur26h,G-2swap,12,7561419,7098658,6.518992744825853,6.120028529036679,93.87997147096331,0.0453,52,10
bur26h,G-2swap,13,7552159,7098658,6.388545553258094,6.004918593477706,93.9950814065223,0.045,53,10
bur26h,G-2swap,14,7532636,7098658,6.11352173889769,5.761303214439142,94.23869678556086,0.0427,47,10
bur26h,G-2swap,15,7606260,7098658,7.150675522049379,6.6734768467025845,93.32652315329742,0.0407,44,10
bur26h,G-2swap,16,7515232,7098658,5.86834863716494,5.543062409783224,94.45693759021677,0.0559,46,10
bur26h,G-2swap,17,7600857,7098658,7.074562544075231,6.607136537366773,93.39286346263323,0.0405,42,10
bur26h,G-2swap,18,7569404,7098658,6.631478795006042,6.219062953965728,93.78093704603427,0.0481,59,10
bur26h,G-2swap,19,7567025,7098658,6.597965418252295,6.189579127860685,93.8104208721393,0.0401,44,10
bur26h,G-2swap,20,7508799,7098658,5.77772587438358,5.462138485795132,94.53786151420486,0.0397,42,10
bur26h,S-2swap,1,7098658,7098658,0.0,0.0,100.0,35.1793,71846,211
bur26h,S-2swap,2,7098905,7098658,0.003479530919787937,0.003479409852646289,99.99652059014736,33.104,67296,197
bur26h,S-2swap,3,7098658,7098658,0.0,0.0,100.0,36.766,76396,225
bur26h,S-2swap,4,7099630,7098658,0.013692728963699899,0.013690854312126124,99.98630914568788,33.9514,65021,190
bur26h,S-2swap,5,7100122,7098658,0.020623616463844294,0.020619364005294558,99.9793806359947,34.2211,71846,211
bur26h,S-2swap,6,7099677,7098658,0.014354825940339709,0.014352765625816498,99.98564723437418,35.6243,71196,209
bur26h,S-2swap,7,7099875,7098658,0.017144085544056355,0.017141146851176958,99.98285885314883,33.3813,69246,203
bur26h,S-2swap,8,7100009,7098658,0.0190317662859656,0.01902814489390084,99.9809718551061,34.369,71846,211
bur26h,S-2swap,9,7099512,7098658,0.012030442937242505,0.012028995795767371,99.98797100420424,35.4898,72821,214
bur26h,S-2swap,10,7099512,7098658,0.012030442937242505,0.012028995795767371,99.98797100420424,34.3259,72496,213
bur26h,S-2swap,11,7099939,7098658,0.018045664405863755,0.01804240853336909,99.98195759146662,31.505,68271,200
bur26h,S-2swap,12,7099265,7098658,0.008550912017454568,0.00855018089900856,99.99144981910099,32.8169,69571,204
bur26h,S-2swap,13,7100397,7098658,0.024497588135672967,0.024491588287246475,99.97550841171275,35.1007,72821,214
bur26h,S-2swap,14,7099629,7098658,0.013678641793984158,0.01367677099747043,99.98632322900252,35.4755,74121,218
bur26h,S-2swap,15,7100021,7098658,0.019200812322554488,0.01919712631835878,99.98080287368164,32.8407,65346,191
bur26h,S-2swap,16,7099755,7098658,0.01545362517816748,0.015451237401854008,99.98454876259815,33.6344,68271,200
bur26h,S-2swap,17,7099630,7098658,0.013692728963699899,0.013690854312126124,99.98630914568788,36.2316,72821,214
bur26h,S-2swap,18,7100009,7098658,0.0190317662859656,0.01902814489390084,99.9809718551061,36.3022,74771,220
bur26h,S-2swap,19,7099755,7098658,0.01545362517816748,0.015451237401854008,99.98454876259815,30.0467,62746,183
bur26h,S-2swap,20,7100826,7098658,0.030540983943725702,0.030531659274568905,99.96946834072543,33.7987,68921,202
